{"ENEMY0":{"POS":{"X":780.0000610351563,"Y":61.065284729003906,"Z":0.0},"ROT":{"X":0.0,"Y":1.5707963705062866,"Z":0.0},"SIZE":{"X":2.0,"Y":2.0,"Z":2.0}},"ENEMY1":{"POS":{"X":954.0000610351563,"Y":-173.92945861816406,"Z":0.0},"ROT":{"X":0.0,"Y":1.5707963705062866,"Z":0.0},"SIZE":{"X":2.0,"Y":2.0,"Z":2.0}},"ENEMY10":{"POS":{"X":3967.0,"Y":-116.93077087402344,"Z":0.0},"ROT":{"X":0.0,"Y":1.5707963705062866,"Z":0.0},"SIZE":{"X":2.0,"Y":2.0,"Z":2.0}},"ENEMY2":{"POS":{"X":1714.0001220703125,"Y":129.0637664794922,"Z":0.0},"ROT":{"X":0.0,"Y":1.5707963705062866,"Z":0.0},"SIZE":{"X":2.0,"Y":2.0,"Z":2.0}},"ENEMY3":{"POS":{"X":1751.0,"Y":-61.931983947753906,"Z":0.0},"ROT":{"X":0.0,"Y":1.5707963705062866,"Z":0.0},"SIZE":{"X":2.0,"Y":2.0,"Z":2.0}},"ENEMY4":{"POS":{"X":1921.0,"Y":-178.9293975830078,"Z":0.0},"ROT":{"X":0.0,"Y":1.5707963705062866,"Z":0.0},"SIZE":{"X":2.0,"Y":2.0,"Z":2.0}},"ENEMY5":{"POS":{"X":2787.999755859375,"Y":200.06219482421875,"Z":0.0},"ROT":{"X":0.0,"Y":1.5707963705062866,"Z":0.0},"SIZE":{"X":2.0,"Y":2.0,"Z":2.0}},"ENEMY6":{"POS":{"X":2808.999755859375,"Y":96.06449890136719,"Z":0.0},"ROT":{"X":0.0,"Y":1.5707963705062866,"Z":0.0},"SIZE":{"X":2.0,"Y":2.0,"Z":2.0}},"ENEMY7":{"POS":{"X":2841.999755859375,"Y":-89.93134307861328,"Z":0.0},"ROT":{"X":0.0,"Y":1.5707963705062866,"Z":0.0},"SIZE":{"X":2.0,"Y":2.0,"Z":2.0}},"ENEMY8":{"POS":{"X":3399.0,"Y":115.0640869140625,"Z":0.0},"ROT":{"X":0.0,"Y":1.5707963705062866,"Z":0.0},"SIZE":{"X":2.0,"Y":2.0,"Z":2.0}},"ENEMY9":{"POS":{"X":3724.0,"Y":-30.932682037353516,"Z":0.0},"ROT":{"X":0.0,"Y":1.5707963705062866,"Z":0.0},"SIZE":{"X":2.0,"Y":2.0,"Z":2.0}},"INDEX":11}
