{"ENEMY0":{"POS":{"X":-244.9999542236328,"Y":112.9999771118164,"Z":0.0},"ROT":{"X":0.0,"Y":0.0,"Z":0.0},"SIZE":{"X":2.0,"Y":2.0,"Z":2.0}},"ENEMY1":{"POS":{"X":187.99996948242188,"Y":115.9999771118164,"Z":0.0},"ROT":{"X":0.0,"Y":0.0,"Z":0.0},"SIZE":{"X":2.0,"Y":2.0,"Z":2.0}},"ENEMY2":{"POS":{"X":186.99996948242188,"Y":-162.99996948242188,"Z":0.0},"ROT":{"X":0.0,"Y":0.0,"Z":0.0},"SIZE":{"X":2.0,"Y":2.0,"Z":2.0}},"ENEMY3":{"POS":{"X":-238.9999542236328,"Y":-144.99996948242188,"Z":0.0},"ROT":{"X":0.0,"Y":0.0,"Z":0.0},"SIZE":{"X":2.0,"Y":2.0,"Z":2.0}},"INDEX":4}
