{"ENEMY0":{"LIFE":10,"POS":{"X":234.0,"Y":0.0666503980755806,"Z":0.0},"ROT":{"X":0.0,"Y":1.5707963705062866,"Z":0.0},"SIZE":{"X":2.0,"Y":2.0,"Z":2.0},"TYPE":0},"ENEMY1":{"LIFE":10,"POS":{"X":450.0000305175781,"Y":0.0666503980755806,"Z":0.0},"ROT":{"X":0.0,"Y":1.5707963705062866,"Z":0.0},"SIZE":{"X":2.0,"Y":2.0,"Z":2.0},"TYPE":0},"ENEMY10":{"LIFE":10,"POS":{"X":2667.999755859375,"Y":-71.93177032470703,"Z":0.0},"ROT":{"X":0.0,"Y":1.5707963705062866,"Z":0.0},"SIZE":{"X":2.0,"Y":2.0,"Z":2.0},"TYPE":0},"ENEMY11":{"LIFE":10,"POS":{"X":2875.999755859375,"Y":-287.9269714355469,"Z":0.0},"ROT":{"X":0.0,"Y":1.5707963705062866,"Z":0.0},"SIZE":{"X":2.0,"Y":2.0,"Z":2.0},"TYPE":0},"ENEMY12":{"LIFE":10,"POS":{"X":3150.0,"Y":-71.93177032470703,"Z":0.0},"ROT":{"X":0.0,"Y":1.5707963705062866,"Z":0.0},"SIZE":{"X":2.0,"Y":2.0,"Z":2.0},"TYPE":0},"ENEMY13":{"LIFE":10,"POS":{"X":3286.0,"Y":144.0634307861328,"Z":0.0},"ROT":{"X":0.0,"Y":1.5707963705062866,"Z":0.0},"SIZE":{"X":2.0,"Y":2.0,"Z":2.0},"TYPE":0},"ENEMY14":{"LIFE":10,"POS":{"X":3534.00048828125,"Y":-359.9253234863281,"Z":0.0},"ROT":{"X":0.0,"Y":1.5707963705062866,"Z":0.0},"SIZE":{"X":2.0,"Y":2.0,"Z":2.0},"TYPE":0},"ENEMY15":{"LIFE":10,"POS":{"X":3942.00048828125,"Y":144.0634307861328,"Z":0.0},"ROT":{"X":0.0,"Y":1.5707963705062866,"Z":0.0},"SIZE":{"X":2.0,"Y":2.0,"Z":2.0},"TYPE":0},"ENEMY16":{"LIFE":10,"POS":{"X":3732.0,"Y":-143.93016052246094,"Z":0.0},"ROT":{"X":0.0,"Y":1.5707963705062866,"Z":0.0},"SIZE":{"X":2.0,"Y":2.0,"Z":2.0},"TYPE":0},"ENEMY17":{"LIFE":10,"POS":{"X":3804.0,"Y":-71.93177032470703,"Z":0.0},"ROT":{"X":0.0,"Y":1.5707963705062866,"Z":0.0},"SIZE":{"X":2.0,"Y":2.0,"Z":2.0},"TYPE":0},"ENEMY18":{"LIFE":10,"POS":{"X":4054.000244140625,"Y":-71.93177032470703,"Z":0.0},"ROT":{"X":0.0,"Y":1.5707963705062866,"Z":0.0},"SIZE":{"X":2.0,"Y":2.0,"Z":2.0},"TYPE":0},"ENEMY19":{"LIFE":10,"POS":{"X":4126.0,"Y":-143.93016052246094,"Z":0.0},"ROT":{"X":0.0,"Y":1.5707963705062866,"Z":0.0},"SIZE":{"X":2.0,"Y":2.0,"Z":2.0},"TYPE":0},"ENEMY2":{"LIFE":10,"POS":{"X":658.0000610351563,"Y":0.0666503980755806,"Z":0.0},"ROT":{"X":0.0,"Y":1.5707963705062866,"Z":0.0},"SIZE":{"X":2.0,"Y":2.0,"Z":2.0},"TYPE":0},"ENEMY20":{"LIFE":10,"POS":{"X":4282.0,"Y":-359.9253234863281,"Z":0.0},"ROT":{"X":0.0,"Y":1.5707963705062866,"Z":0.0},"SIZE":{"X":2.0,"Y":2.0,"Z":2.0},"TYPE":0},"ENEMY21":{"LIFE":10,"POS":{"X":4752.0,"Y":-71.93177032470703,"Z":0.0},"ROT":{"X":0.0,"Y":1.5707963705062866,"Z":0.0},"SIZE":{"X":2.0,"Y":2.0,"Z":2.0},"TYPE":0},"ENEMY22":{"LIFE":10,"POS":{"X":4824.0,"Y":0.0666503980755806,"Z":0.0},"ROT":{"X":0.0,"Y":1.5707963705062866,"Z":0.0},"SIZE":{"X":2.0,"Y":2.0,"Z":2.0},"TYPE":0},"ENEMY23":{"LIFE":10,"POS":{"X":4824.0,"Y":-143.93016052246094,"Z":0.0},"ROT":{"X":0.0,"Y":1.5707963705062866,"Z":0.0},"SIZE":{"X":2.0,"Y":2.0,"Z":2.0},"TYPE":0},"ENEMY24":{"LIFE":10,"POS":{"X":4968.0,"Y":72.0650405883789,"Z":0.0},"ROT":{"X":0.0,"Y":1.5707963705062866,"Z":0.0},"SIZE":{"X":2.0,"Y":2.0,"Z":2.0},"TYPE":0},"ENEMY25":{"LIFE":10,"POS":{"X":4968.0,"Y":-215.92855834960938,"Z":0.0},"ROT":{"X":0.0,"Y":1.5707963705062866,"Z":0.0},"SIZE":{"X":2.0,"Y":2.0,"Z":2.0},"TYPE":0},"ENEMY26":{"LIFE":10,"POS":{"X":5148.0,"Y":-71.93177032470703,"Z":0.0},"ROT":{"X":0.0,"Y":1.5707963705062866,"Z":0.0},"SIZE":{"X":2.0,"Y":2.0,"Z":2.0},"TYPE":0},"ENEMY27":{"LIFE":10,"POS":{"X":5220.0,"Y":0.0666503980755806,"Z":0.0},"ROT":{"X":0.0,"Y":1.5707963705062866,"Z":0.0},"SIZE":{"X":2.0,"Y":2.0,"Z":2.0},"TYPE":0},"ENEMY28":{"LIFE":10,"POS":{"X":5292.0,"Y":72.0650405883789,"Z":0.0},"ROT":{"X":0.0,"Y":1.5707963705062866,"Z":0.0},"SIZE":{"X":2.0,"Y":2.0,"Z":2.0},"TYPE":0},"ENEMY29":{"LIFE":10,"POS":{"X":5220.0,"Y":-143.93016052246094,"Z":0.0},"ROT":{"X":0.0,"Y":1.5707963705062866,"Z":0.0},"SIZE":{"X":2.0,"Y":2.0,"Z":2.0},"TYPE":0},"ENEMY3":{"LIFE":10,"POS":{"X":960.0,"Y":144.0634307861328,"Z":0.0},"ROT":{"X":0.0,"Y":1.5707963705062866,"Z":0.0},"SIZE":{"X":2.0,"Y":2.0,"Z":2.0},"TYPE":0},"ENEMY30":{"LIFE":10,"POS":{"X":5292.0,"Y":-215.92855834960938,"Z":0.0},"ROT":{"X":0.0,"Y":1.5707963705062866,"Z":0.0},"SIZE":{"X":2.0,"Y":2.0,"Z":2.0},"TYPE":0},"ENEMY31":{"LIFE":10,"POS":{"X":5354.00048828125,"Y":-71.93177032470703,"Z":0.0},"ROT":{"X":0.0,"Y":1.5707963705062866,"Z":0.0},"SIZE":{"X":2.0,"Y":2.0,"Z":2.0},"TYPE":0},"ENEMY32":{"LIFE":10,"POS":{"X":5786.00048828125,"Y":-71.93177032470703,"Z":0.0},"ROT":{"X":0.0,"Y":1.5707963705062866,"Z":0.0},"SIZE":{"X":2.0,"Y":2.0,"Z":2.0},"TYPE":0},"ENEMY33":{"LIFE":10,"POS":{"X":5570.00048828125,"Y":-71.93177032470703,"Z":0.0},"ROT":{"X":0.0,"Y":1.5707963705062866,"Z":0.0},"SIZE":{"X":2.0,"Y":2.0,"Z":2.0},"TYPE":0},"ENEMY34":{"LIFE":20,"POS":{"X":6332.00048828125,"Y":216.0618438720703,"Z":0.0},"ROT":{"X":0.0,"Y":1.5707963705062866,"Z":0.0},"SIZE":{"X":2.0,"Y":2.0,"Z":2.0},"TYPE":0},"ENEMY35":{"LIFE":20,"POS":{"X":6332.00048828125,"Y":-359.9253234863281,"Z":0.0},"ROT":{"X":0.0,"Y":1.5707963705062866,"Z":0.0},"SIZE":{"X":2.0,"Y":2.0,"Z":2.0},"TYPE":0},"ENEMY36":{"LIFE":20,"POS":{"X":5978.0,"Y":-71.93177032470703,"Z":0.0},"ROT":{"X":0.0,"Y":1.5707963705062866,"Z":0.0},"SIZE":{"X":2.0,"Y":2.0,"Z":2.0},"TYPE":0},"ENEMY37":{"LIFE":20,"POS":{"X":6354.0009765625,"Y":-71.93177032470703,"Z":0.0},"ROT":{"X":0.0,"Y":1.5707963705062866,"Z":0.0},"SIZE":{"X":2.0,"Y":2.0,"Z":2.0},"TYPE":0},"ENEMY38":{"LIFE":20,"POS":{"X":6606.0,"Y":-71.93177032470703,"Z":0.0},"ROT":{"X":0.0,"Y":1.5707963705062866,"Z":0.0},"SIZE":{"X":2.0,"Y":2.0,"Z":2.0},"TYPE":0},"ENEMY39":{"LIFE":20,"POS":{"X":6772.00048828125,"Y":-71.93177032470703,"Z":0.0},"ROT":{"X":0.0,"Y":1.5707963705062866,"Z":0.0},"SIZE":{"X":2.0,"Y":2.0,"Z":2.0},"TYPE":0},"ENEMY4":{"LIFE":10,"POS":{"X":1147.9998779296875,"Y":144.0634307861328,"Z":0.0},"ROT":{"X":0.0,"Y":1.5707963705062866,"Z":0.0},"SIZE":{"X":2.0,"Y":2.0,"Z":2.0},"TYPE":0},"ENEMY40":{"LIFE":20,"POS":{"X":6970.0009765625,"Y":-71.93177032470703,"Z":0.0},"ROT":{"X":0.0,"Y":1.5707963705062866,"Z":0.0},"SIZE":{"X":2.0,"Y":2.0,"Z":2.0},"TYPE":0},"ENEMY41":{"LIFE":20,"POS":{"X":7758.0,"Y":144.0634307861328,"Z":0.0},"ROT":{"X":0.0,"Y":1.5707963705062866,"Z":0.0},"SIZE":{"X":2.0,"Y":2.0,"Z":2.0},"TYPE":0},"ENEMY42":{"LIFE":40,"POS":{"X":7780.00048828125,"Y":-71.93177032470703,"Z":0.0},"ROT":{"X":0.0,"Y":1.5707963705062866,"Z":0.0},"SIZE":{"X":5.099997043609619,"Y":5.099997043609619,"Z":5.099997043609619},"TYPE":0},"ENEMY43":{"LIFE":20,"POS":{"X":6880.0009765625,"Y":144.0634307861328,"Z":0.0},"ROT":{"X":0.0,"Y":1.5707963705062866,"Z":0.0},"SIZE":{"X":2.0,"Y":2.0,"Z":2.0},"TYPE":0},"ENEMY44":{"LIFE":40,"POS":{"X":7770.0,"Y":-359.9253234863281,"Z":0.0},"ROT":{"X":0.0,"Y":1.5707963705062866,"Z":0.0},"SIZE":{"X":2.0,"Y":2.0,"Z":2.0},"TYPE":0},"ENEMY45":{"LIFE":40,"POS":{"X":8418.0,"Y":-71.93177032470703,"Z":0.0},"ROT":{"X":0.0,"Y":1.5707963705062866,"Z":0.0},"SIZE":{"X":5.1999969482421875,"Y":5.1999969482421875,"Z":5.1999969482421875},"TYPE":0},"ENEMY46":{"LIFE":20,"POS":{"X":6880.0009765625,"Y":-287.9269714355469,"Z":0.0},"ROT":{"X":0.0,"Y":1.5707963705062866,"Z":0.0},"SIZE":{"X":2.0,"Y":2.0,"Z":2.0},"TYPE":0},"ENEMY47":{"LIFE":20,"POS":{"X":7112.0,"Y":-71.93177032470703,"Z":0.0},"ROT":{"X":0.0,"Y":1.5707963705062866,"Z":0.0},"SIZE":{"X":2.0,"Y":2.0,"Z":2.0},"TYPE":0},"ENEMY48":{"LIFE":20,"POS":{"X":7256.0,"Y":-71.93177032470703,"Z":0.0},"ROT":{"X":0.0,"Y":1.5707963705062866,"Z":0.0},"SIZE":{"X":2.0,"Y":2.0,"Z":2.0},"TYPE":0},"ENEMY49":{"LIFE":20,"POS":{"X":7404.00048828125,"Y":-71.93177032470703,"Z":0.0},"ROT":{"X":0.0,"Y":1.5707963705062866,"Z":0.0},"SIZE":{"X":2.0,"Y":2.0,"Z":2.0},"TYPE":0},"ENEMY5":{"LIFE":10,"POS":{"X":1345.9998779296875,"Y":144.0634307861328,"Z":0.0},"ROT":{"X":0.0,"Y":1.5707963705062866,"Z":0.0},"SIZE":{"X":2.0,"Y":2.0,"Z":2.0},"TYPE":0},"ENEMY50":{"LIFE":40,"POS":{"X":8880.0,"Y":72.0650405883789,"Z":0.0},"ROT":{"X":0.0,"Y":1.5707963705062866,"Z":0.0},"SIZE":{"X":5.099997043609619,"Y":5.099997043609619,"Z":5.099997043609619},"TYPE":0},"ENEMY51":{"LIFE":40,"POS":{"X":8880.0,"Y":-287.9269714355469,"Z":0.0},"ROT":{"X":0.0,