{"ENEMY0":{"LIFE":10,"POS":{"X":163.00001525878906,"Y":80.06485748291016,"Z":0.0},"ROT":{"X":0.0,"Y":1.5707963705062866,"Z":0.0},"SIZE":{"X":2.0,"Y":2.0,"Z":2.0},"TYPE":0},"ENEMY1":{"LIFE":10,"POS":{"X":384.00006103515625,"Y":-80.93155670166016,"Z":0.0},"ROT":{"X":0.0,"Y":1.5707963705062866,"Z":0.0},"SIZE":{"X":2.0,"Y":2.0,"Z":2.0},"TYPE":0},"ENEMY2":{"LIFE":10,"POS":{"X":498.0,"Y":-134.9303436279297,"Z":0.0},"ROT":{"X":0.0,"Y":1.5707963705062866,"Z":0.0},"SIZE":{"X":2.0,"Y":2.0,"Z":2.0},"TYPE":0},"ENEMY3":{"LIFE":10,"POS":{"X":816.0,"Y":30.065982818603516,"Z":0.0},"ROT":{"X":0.0,"Y":1.5707963705062866,"Z":0.0},"SIZE":{"X":2.0,"Y":2.0,"Z":2.0},"TYPE":0},"ENEMY4":{"LIFE":10,"POS":{"X":898.0,"Y":-181.92933654785156,"Z":0.0},"ROT":{"X":0.0,"Y":1.5707963705062866,"Z":0.0},"SIZE":{"X":2.0,"Y":2.0,"Z":2.0},"TYPE":0},"INDEX":5}
